{
    "name": "root",
    "gauges": {
        "ObstacleCourseAI.Policy.Entropy.mean": {
            "value": 1.3294938802719116,
            "min": 1.3294938802719116,
            "max": 1.4174615144729614,
            "count": 9
        },
        "ObstacleCourseAI.Environment.EpisodeLength.mean": {
            "value": 69.98793213601192,
            "min": 30.001208403048892,
            "max": 69.98793213601192,
            "count": 9
        },
        "ObstacleCourseAI.Policy.ExtrinsicValueEstimate.mean": {
            "value": 246.45404052734375,
            "min": 17.22943687438965,
            "max": 246.45404052734375,
            "count": 9
        },
        "ObstacleCourseAI.Environment.CumulativeReward.mean": {
            "value": 3819.134568337967,
            "min": 1285.0053601512839,
            "max": 4933.955727195505,
            "count": 9
        },
        "ObstacleCourseAI.Policy.ExtrinsicReward.mean": {
            "value": 3819.134568337967,
            "min": 1285.0053601512839,
            "max": 4933.955727195505,
            "count": 9
        },
        "ObstacleCourseAI.Losses.ValueLoss.mean": {
            "value": 6406569.0,
            "min": 4456349.5,
            "max": 10269508.0,
            "count": 9
        },
        "ObstacleCourseAI.Losses.PolicyLoss.mean": {
            "value": 0.03440753370523453,
            "min": 0.03367296978831291,
            "max": 0.03479214012622833,
            "count": 9
        },
        "ObstacleCourseAI.Policy.LearningRate.mean": {
            "value": 2.9974507924634963e-05,
            "min": 2.9974507924634963e-05,
            "max": 2.9998480385984294e-05,
            "count": 9
        },
        "ObstacleCourseAI.Policy.Epsilon.mean": {
            "value": 0.1999150514602661,
            "min": 0.1999150514602661,
            "max": 0.19999492168426514,
            "count": 9
        },
        "ObstacleCourseAI.Policy.Beta.mean": {
            "value": 0.0009991588303819299,
            "min": 0.0009991588303819299,
            "max": 0.0009999499889090657,
            "count": 9
        },
        "ObstacleCourseAI.IsTraining.mean": {
            "value": 1.0,
            "min": 1.0,
            "max": 1.0,
            "count": 9
        }
    },
    "metadata": {
        "timer_format_version": "0.1.0",
        "start_time_seconds": "1650988631",
        "python_version": "3.7.9 (tags/v3.7.9:13c94747c7, Aug 17 2020, 18:58:18) [MSC v.1900 64 bit (AMD64)]",
        "command_line_arguments": "C:\\Users\\Matt\\Documents\\GitHub\\Plane-AI\\Plane AI\\venv\\Scripts\\mlagents-learn config/ObstacleCourseAI3.yaml --run-id=PlaneAIHybridV1.2 --time-scale 2",
        "mlagents_version": "0.20.0",
        "mlagents_envs_version": "0.20.0",
        "communication_protocol_version": "1.1.0",
        "tensorflow_version": "2.7.1",
        "numpy_version": "1.18.5",
        "end_time_seconds": "1650994999"
    },
    "total": 6368.847541800001,
    "count": 1,
    "self": 0.22620910000023287,
    "children": {
        "run_training.setup": {
            "total": 0.009290300000000418,
            "count": 1,
            "self": 0.009290300000000418
        },
        "TrainerController.start_learning": {
            "total": 6368.6120424,
            "count": 1,
            "self": 11.129074099855643,
            "children": {
                "TrainerController._reset_env": {
                    "total": 12.6955372,
                    "count": 1,
                    "self": 12.6955372
                },
                "TrainerController.advance": {
                    "total": 6344.330124900145,
                    "count": 324082,
                    "self": 4.407961400280328,
                    "children": {
                        "env_step": {
                            "total": 6339.922163499865,
                            "count": 324082,
                            "self": 5856.234337900032,
                            "children": {
                                "SubprocessEnvManager._take_step": {
                                    "total": 479.4438082999968,
                                    "count": 324081,
                                    "self": 10.622969700153078,
                                    "children": {
                                        "TFPolicy.evaluate": {
                                            "total": 468.82083859984374,
                                            "count": 225218,
                                            "self": 468.82083859984374
                                        }
                                    }
                                },
                                "workers": {
                                    "total": 4.244017299836091,
                                    "count": 324081,
                                    "self": 0.0,
                                    "children": {
                                        "worker_root": {
                                            "total": 6349.294427999885,
                                            "count": 324081,
                                            "is_parallel": true,
                                            "self": 1417.7667767999274,
                                            "children": {
                                                "steps_from_proto": {
                                                    "total": 0.002798200000000861,
                                                    "count": 1,
                                                    "is_parallel": true,
                                                    "self": 0.00013770000000157268,
                                                    "children": {
                                                        "_process_vector_observation": {
                                                            "total": 0.0026604999999992884,
                                                            "count": 2,
                                                            "is_parallel": true,
                                                            "self": 0.0026604999999992884
                                                        }
                                                    }
                                                },
                                                "UnityEnvironment.step": {
                                                    "total": 4931.524852999957,
                                                    "count": 324081,
                                                    "is_parallel": true,
                                                    "self": 54.788833400118165,
                                                    "children": {
                                                        "UnityEnvironment._generate_step_input": {
                                                            "total": 70.27442469995644,
                                                            "count": 324081,
                                                            "is_parallel": true,
                                                            "self": 70.27442469995644
                                                        },
                                                        "communicator.exchange": {
                                                            "total": 4666.425312799769,
                                                            "count": 324081,
                                                            "is_parallel": true,
                                                            "self": 4666.425312799769
                                                        },
                                                        "steps_from_proto": {
                                                            "total": 140.03628210011317,
                                                            "count": 324081,