{
    "name": "root",
    "metadata": {
        "timer_format_version": "0.1.0",
        "start_time_seconds": "1649491661",
        "python_version": "3.7.9 (tags/v3.7.9:13c94747c7, Aug 17 2020, 18:58:18) [MSC v.1900 64 bit (AMD64)]",
        "command_line_arguments": "C:\\Users\\Matt\\Documents\\GitHub\\Plane-AI\\Plane AI\\venv\\Scripts\\mlagents-learn config/ObstacleCourseAI.yaml --run-id=PlaneAIV4.3 --time-scale 2 --resume",
        "mlagents_version": "0.20.0",
        "mlagents_envs_version": "0.20.0",
        "communication_protocol_version": "1.1.0",
        "tensorflow_version": "2.7.1",
        "numpy_version": "1.18.5",
        "end_time_seconds": "1649491687"
    },
    "total": 25.3966767,
    "count": 1,
    "self": 0.004859199999998509,
    "children": {
        "run_training.setup": {
            "total": 0.0073366000000003595,
            "count": 1,
            "self": 0.0073366000000003595
        },
        "TrainerController.start_learning": {
            "total": 25.3844809,
            "count": 1,
            "self": 0.024711699999912184,
            "children": {
                "TrainerController._reset_env": {
                    "total": 10.9355753,
                    "count": 1,
                    "self": 10.9355753
                },
                "TrainerController.advance": {
                    "total": 13.930668000000086,
                    "count": 390,
                    "self": 0.004869800000072644,
                    "children": {
                        "env_step": {
                            "total": 13.925798200000013,
                            "count": 390,
                            "self": 13.329760900000029,
                            "children": {
                                "SubprocessEnvManager._take_step": {
                                    "total": 0.5915376999999999,
                                    "count": 390,
                                    "self": 0.0073650000000178295,
                                    "children": {
                                        "TFPolicy.evaluate": {
                                            "total": 0.5841726999999821,
                                            "count": 117,
                                            "self": 0.5841726999999821
                                        }
                                    }
                                },
                                "workers": {
                                    "total": 0.004499599999984838,
                                    "count": 389,
                                    "self": 0.0,
                                    "children": {
                                        "worker_root": {
                                            "total": 15.566759200000039,
                                            "count": 389,
                                            "is_parallel": true,
                                            "self": 2.6025722000000524,
                                            "children": {
                                                "steps_from_proto": {
                                                    "total": 0.0023618000000009687,
                                                    "count": 1,
                                                    "is_parallel": true,
                                                    "self": 0.00013009999999979982,
                                                    "children": {
                                                        "_process_vector_observation": {
                                                            "total": 0.002231700000001169,
                                                            "count": 2,
                                                            "is_parallel": true,
                                                            "self": 0.002231700000001169
                                                        }
                                                    }
                                                },
                                                "UnityEnvironment.step": {
                                                    "total": 12.961825199999986,
                                                    "count": 389,
                                                    "is_parallel": true,
                                                    "self": 0.050965300000006764,
                                                    "children": {
                                                        "UnityEnvironment._generate_step_input": {
                                                            "total": 0.04569210000001789,
                                                            "count": 389,
                                                            "is_parallel": true,
                                                            "self": 0.04569210000001789
                                                        },
                                                        "communicator.exchange": {
                                                            "total": 12.74969139999998,
                                                            "count": 389,
                                                            "is_parallel": true,
                                                            "self": 12.74969139999998
                                                        },
                                                        "steps_from_proto": {
                                                            "total": 0.11547639999998083,
                                                            "count": 389,
                                                            "is_parallel": true,
                                                            "self": 0.031076499999961982,
                                                            "children": {
                                                                "_process_vector_observation": {
                                                                    "total": 0.08439990000001885,
                                                                    "count": 778,
                                                                    "is_parallel": true,
                                                                    "self": 0.08439990000001885
                                                                }
                                                            }
                                                        }
                                                    }
                                                }
                                            }
                                        }
                                    }
                                }
                            }
                        }
                    }
                },
                "trainer_threads": {
                    "total": 1.8300000000692762e-05,
                    "count": 1,
                    "self": 1.8300000000692762e-05,
                    "children": {
                        "thread_root": {
                            "total": 0.0,
                            "count": 0,
                            "is_parallel": true,
                            "self": 0.0,
                            "children": {
                                "trainer_advance": {
                                    "total": 13.935024399999794,
                                    "count": 1138,
                                    "is_parallel": true,
                                    "self": 0.06511169999973632,
                                    "children": {
                                        "process_trajectory": {
                                            "total": 13.869912700000057,
                                            "count": 1138,