{
    "name": "root",
    "gauges": {
        "ObstacleCourseAI.Policy.Entropy.mean": {
            "value": 1.3834701776504517,
            "min": 1.3834701776504517,
            "max": 1.428059458732605,
            "count": 12
        },
        "ObstacleCourseAI.Environment.EpisodeLength.mean": {
            "value": 71.2127229402845,
            "min": 59.5488676274676,
            "max": 74.74600530102234,
            "count": 12
        },
        "ObstacleCourseAI.Policy.ExtrinsicValueEstimate.mean": {
            "value": 357.16900634765625,
            "min": 53.32523727416992,
            "max": 357.16900634765625,
            "count": 12
        },
        "ObstacleCourseAI.Environment.CumulativeReward.mean": {
            "value": 5181.402929072414,
            "min": 3278.7146515591503,
            "max": 6207.50300569707,
            "count": 12
        },
        "ObstacleCourseAI.Policy.ExtrinsicReward.mean": {
            "value": 5181.402929072414,
            "min": 3278.7146515591503,
            "max": 6207.50300569707,
            "count": 12
        },
        "ObstacleCourseAI.Losses.ValueLoss.mean": {
            "value": 19169938.0,
            "min": 11463468.0,
            "max": 30233738.0,
            "count": 12
        },
        "ObstacleCourseAI.Losses.PolicyLoss.mean": {
            "value": 0.03392597660422325,
            "min": 0.03392597660422325,
            "max": 0.034961018711328506,
            "count": 12
        },
        "ObstacleCourseAI.Policy.LearningRate.mean": {
            "value": 2.9965500289108604e-05,
            "min": 2.9965500289108604e-05,
            "max": 2.999847856699489e-05,
            "count": 12
        },
        "ObstacleCourseAI.Policy.Epsilon.mean": {
            "value": 0.19988499581813812,
            "min": 0.19988499581813812,
            "max": 0.19999492168426514,
            "count": 12
        },
        "ObstacleCourseAI.Policy.Beta.mean": {
            "value": 0.0009988615056499839,
            "min": 0.0009988615056499839,
            "max": 0.0009999501053243876,
            "count": 12
        },
        "ObstacleCourseAI.IsTraining.mean": {
            "value": 1.0,
            "min": 1.0,
            "max": 1.0,
            "count": 12
        }
    },
    "metadata": {
        "timer_format_version": "0.1.0",
        "start_time_seconds": "1650965419",
        "python_version": "3.7.9 (tags/v3.7.9:13c94747c7, Aug 17 2020, 18:58:18) [MSC v.1900 64 bit (AMD64)]",
        "command_line_arguments": "C:\\Users\\Matt\\Documents\\GitHub\\Plane-AI\\Plane AI\\venv\\Scripts\\mlagents-learn config/ObstacleCourseAI3.yaml --run-id=PlaneAIHybridV2.1 --time-scale 2",
        "mlagents_version": "0.20.0",
        "mlagents_envs_version": "0.20.0",
        "communication_protocol_version": "1.1.0",
        "tensorflow_version": "2.7.1",
        "numpy_version": "1.18.5",
        "end_time_seconds": "1650973535"
    },
    "total": 8116.0698303,
    "count": 1,
    "self": 0.20200959999965562,
    "children": {
        "run_training.setup": {
            "total": 0.04326149999999984,
            "count": 1,
            "self": 0.04326149999999984
        },
        "TrainerController.start_learning": {
            "total": 8115.8245592,
            "count": 1,
            "self": 13.531108100062738,
            "children": {
                "TrainerController._reset_env": {
                    "total": 16.702855800000002,
                    "count": 1,
                    "self": 16.702855800000002
                },
                "TrainerController.advance": {
                    "total": 8085.191748299937,
                    "count": 408410,
                    "self": 5.433010299622765,
                    "children": {
                        "env_step": {
                            "total": 8079.758738000314,
                            "count": 408410,
                            "self": 7440.283162599974,
                            "children": {
                                "SubprocessEnvManager._take_step": {
                                    "total": 634.1629815002256,
                                    "count": 408410,
                                    "self": 13.701151200537652,
                                    "children": {
                                        "TFPolicy.evaluate": {
                                            "total": 620.4618302996879,
                                            "count": 301513,
                                            "self": 620.4618302996879
                                        }
                                    }
                                },
                                "workers": {
                                    "total": 5.312593900114262,
                                    "count": 408409,
                                    "self": 0.0,
                                    "children": {
                                        "worker_root": {
                                            "total": 8092.261941800084,
                                            "count": 408409,
                                            "is_parallel": true,
                                            "self": 1763.3562474998735,
                                            "children": {
                                                "steps_from_proto": {
                                                    "total": 0.004369199999999296,
                                                    "count": 1,
                                                    "is_parallel": true,
                                                    "self": 0.00014879999999983795,
                                                    "children": {
                                                        "_process_vector_observation": {
                                                            "total": 0.004220399999999458,
                                                            "count": 2,
                                                            "is_parallel": true,
                                                            "self": 0.004220399999999458
                                                        }
                                                    }
                                                },
                                                "UnityEnvironment.step": {
                                                    "total": 6328.901325100211,
                                                    "count": 408409,
                                                    "is_parallel": true,
                                                    "self": 69.34719550032423,
                                                    "children": {
                                                        "UnityEnvironment._generate_step_input": {
                                                            "total": 84.34459410018522,
                                                            "count": 408409,
                                                            "is_parallel": true,
                                                            "self": 84.34459410018522
                                                        },
                                                        "communicator.exchange": {
                                                            "total": 5995.100869899787,
                                                            "count": 408409,
                                                            "is_parallel": true,
                                                            "self": 5995.100869899787
                                                        },
                                                        "steps_from_proto": {
                                                            "total": 180.1086655999139,