{
    "name": "root",
    "gauges": {
        "ObstacleCourseAI.Policy.Entropy.mean": {
            "value": -0.26127856969833374,
            "min": -0.2638937830924988,
            "max": -0.26127856969833374,
            "count": 2
        },
        "ObstacleCourseAI.Environment.EpisodeLength.mean": {
            "value": 420.6273187183811,
            "min": 198.5,
            "max": 420.6273187183811,
            "count": 2
        },
        "ObstacleCourseAI.Policy.ExtrinsicValueEstimate.mean": {
            "value": 12886.529296875,
            "min": 12886.529296875,
            "max": 13265.015625,
            "count": 2
        },
        "ObstacleCourseAI.Policy.GAILValueEstimate.mean": {
            "value": 1.1718000173568726,
            "min": 0.97791987657547,
            "max": 1.1718000173568726,
            "count": 2
        },
        "ObstacleCourseAI.Environment.CumulativeReward.mean": {
            "value": 68917.78748910624,
            "min": 25424.3984375,
            "max": 68917.78748910624,
            "count": 2
        },
        "ObstacleCourseAI.Policy.ExtrinsicReward.mean": {
            "value": 68917.78748910624,
            "min": 25424.3984375,
            "max": 68917.78748910624,
            "count": 2
        },
        "ObstacleCourseAI.Policy.GAILReward.mean": {
            "value": 4.877633129515093,
            "min": 0.0,
            "max": 4.877633129515093,
            "count": 2
        },
        "ObstacleCourseAI.IsTraining.mean": {
            "value": 1.0,
            "min": 1.0,
            "max": 1.0,
            "count": 2
        },
        "ObstacleCourseAI.Losses.ValueLoss.mean": {
            "value": 4877170.5,
            "min": 4877170.5,
            "max": 4877170.5,
            "count": 1
        },
        "ObstacleCourseAI.Losses.PolicyLoss.mean": {
            "value": 0.03493410721421242,
            "min": 0.03493410721421242,
            "max": 0.03493410721421242,
            "count": 1
        },
        "ObstacleCourseAI.Policy.LearningRate.mean": {
            "value": 2.848348958650604e-05,
            "min": 2.848348958650604e-05,
            "max": 2.848348958650604e-05,
            "count": 1
        },
        "ObstacleCourseAI.Policy.Epsilon.mean": {
            "value": 0.19494493305683136,
            "min": 0.19494493305683136,
            "max": 0.19494493305683136,
            "count": 1
        },
        "ObstacleCourseAI.Policy.Beta.mean": {
            "value": 0.0009499550797045231,
            "min": 0.0009499550797045231,
            "max": 0.0009499550797045231,
            "count": 1
        },
        "ObstacleCourseAI.Losses.GAILLoss.mean": {
            "value": 0.05158824846148491,
            "min": 0.05158824846148491,
            "max": 0.05158824846148491,
            "count": 1
        },
        "ObstacleCourseAI.Policy.GAILPolicyEstimate.mean": {
            "value": 0.0215793214738369,
            "min": 0.0215793214738369,
            "max": 0.0215793214738369,
            "count": 1
        },
        "ObstacleCourseAI.Policy.GAILExpertEstimate.mean": {
            "value": 0.9921582341194153,
            "min": 0.9921582341194153,
            "max": 0.9921582341194153,
            "count": 1
        }
    },
    "metadata": {
        "timer_format_version": "0.1.0",
        "start_time_seconds": "1650881974",
        "python_version": "3.7.9 (tags/v3.7.9:13c94747c7, Aug 17 2020, 18:58:18) [MSC v.1900 64 bit (AMD64)]",
        "command_line_arguments": "C:\\Users\\Matt\\Documents\\GitHub\\Plane-AI\\Plane AI\\venv\\Scripts\\mlagents-learn config/ObstacleCourseAIImitation.yaml --run-id=PlaneAIImitationV1.1 --time-scale 2 --resume",
        "mlagents_version": "0.20.0",
        "mlagents_envs_version": "0.20.0",
        "communication_protocol_version": "1.1.0",
        "tensorflow_version": "2.7.1",
        "numpy_version": "1.18.5",
        "end_time_seconds": "1650882738"
    },
    "total": 764.1558133,
    "count": 1,
    "self": 0.004558099999940168,
    "children": {
        "run_training.setup": {
            "total": 0.014581399999999967,
            "count": 1,
            "self": 0.014581399999999967
        },
        "TrainerController.start_learning": {
            "total": 764.1366738,
            "count": 1,
            "self": 1.5334687000073473,
            "children": {
                "TrainerController._reset_env": {
                    "total": 19.422792599999998,
                    "count": 1,
                    "self": 18.137926699999998,
                    "children": {
                        "demo_to_buffer": {
                            "total": 1.2848658999999998,
                            "count": 1,
                            "self": 0.003778400000001625,
                            "children": {
                                "load_demonstration": {
                                    "total": 0.025082399999998728,
                                    "count": 1,
                                    "self": 0.01782310000000109,
                                    "children": {
                                        "read_file": {
                                            "total": 0.007259299999997637,
                                            "count": 1,
                                            "self": 0.007259299999997637
                                        }
                                    }
                                },
                                "make_demo_buffer": {
                                    "total": 1.2560050999999994,
                                    "count": 1,
                                    "self": 0.3893192999998796,
                                    "children": {
                                        "steps_from_proto": {
                                            "total": 0.8666858000001199,
                                            "count": 11024,
                                            "self": 0.454091700000415,
                                            "children": {
                                                "_process_vector_observation": {
                                                    "total": 0.41259409999970487,
                                                    "count": 22048,
                                                    "self": 0.41259409999970487
                                                }
                                            }
                                        }
                                    }
                                }
                            }
                        }
                    }
                },
                "TrainerController.advance": {
                    "total": 742.7544487999927,
                    "count": 28075,
                    "self": 0.3994037999860893,
                    "children": {
                        "env_step": {
                            "total": 742.3550450000066,
                            "count": 28075,
                            "self": 662.7969014999981,
                            "children": {
                                "SubprocessEnvManager._take_step": {
                                    "total": 79.1903990000032,
                                    "count": 28075,
                                    "self": 1.1915703000034057,
                                    "children": {
                                        "TFPolicy.evaluate": {
                                            "total": 77.99882869999979,
                                            "count": 26444,
                                            "self": 77.99882869999979
                                        }
                                    }
                                },
                                "workers": {
                                    "total": 0.36774450000530123,