{"count":1,"self":24250.6825728,"total":41752.092561699996,"children":{"AgentSendState":{"count":4845976,"self":798.6533376,"total":2944.6662284999998,"children":{"CollectObservations":{"count":64613040,"self":1240.6018047999999,"total":1240.6018259,"children":null},"CollectDiscreteActionMasks":{"count":64613040,"self":120.4452992,"total":120.4453041,"children":null},"AgentInfo.ToProto":{"count":64613040,"self":362.36044799999996,"total":784.96575669999993,"children":{"GenerateSensorData":{"count":64613040,"self":422.60528639999995,"total":422.60529859999997,"children":null}}}}},"DecideAction":{"count":4845976,"self":13396.779008,"total":13396.7790261,"children":null},"AgentAct":{"count":4845976,"self":1155.0987264,"total":1159.9621869,"children":{"AgentInfo.ToProto":{"count":198985,"self":2.1347416,"total":4.8634333,"children":{"GenerateSensorData":{"count":198985,"self":2.7286916,"total":2.7286916999999997,"children":null}}}}}},"gauges":{"ObstacleCourseAI.CumulativeReward":{"count":198985,"max":96364.63,"min":-13.6485062,"runningAverage":38935.4922,"value":13185.6914,"weightedAverage":39843.3477}},"metadata":{"timer_format_version":"0.1.0","start_time_seconds":"1651314312","unity_version":"2021.1.22f1","command_line_arguments":"C:\\Program Files\\Unity\\Hub\\Editor\\2021.1.22f1\\Editor\\Unity.exe -projectpath C:\/Users\/Matt\/Documents\/GitHub\/Plane-AI\/Plane AI -useHub -hubIPC -cloudEnvironment production -hubSessionId a1bf1180-c090-11ec-8123-6f2a05a9efe9 -accessToken is_OLoNITLTapy4X1vtbhUmyDKIrt11fcfcpRzvTP2Q005f","communication_protocol_version":"1.0.0","com.unity.ml-agents_version":"1.0.8","scene_name":"ObstacleCourseAI","end_time_seconds":"1651356064"}}