{
    "name": "root",
    "gauges": {
        "ObstacleCourseAI.Policy.Entropy.mean": {
            "value": -0.7284840941429138,
            "min": -0.7286805510520935,
            "max": -0.7226270437240601,
            "count": 5
        },
        "ObstacleCourseAI.Environment.EpisodeLength.mean": {
            "value": 26.261363636363637,
            "min": 15.844851904090268,
            "max": 27.73160173160173,
            "count": 5
        },
        "ObstacleCourseAI.Policy.ExtrinsicValueEstimate.mean": {
            "value": 125.54788970947266,
            "min": 73.05475616455078,
            "max": 125.80549621582031,
            "count": 5
        },
        "ObstacleCourseAI.Environment.CumulativeReward.mean": {
            "value": 329.49225582642987,
            "min": 268.54827718234355,
            "max": 464.85173117788213,
            "count": 5
        },
        "ObstacleCourseAI.Policy.ExtrinsicReward.mean": {
            "value": 329.49225582642987,
            "min": 268.54827718234355,
            "max": 464.85173117788213,
            "count": 5
        },
        "ObstacleCourseAI.IsTraining.mean": {
            "value": 1.0,
            "min": 1.0,
            "max": 1.0,
            "count": 5
        },
        "ObstacleCourseAI.Losses.ValueLoss.mean": {
            "value": 4054624.75,
            "min": 2968860.5,
            "max": 5594748.0,
            "count": 4
        },
        "ObstacleCourseAI.Losses.PolicyLoss.mean": {
            "value": 0.08785045892000198,
            "min": 0.08785045892000198,
            "max": 0.095601886510849,
            "count": 4
        },
        "ObstacleCourseAI.Policy.LearningRate.mean": {
            "value": 0.00011253647244302556,
            "min": 0.00011253647244302556,
            "max": 0.00011307834938634187,
            "count": 4
        },
        "ObstacleCourseAI.Policy.Epsilon.mean": {
            "value": 0.13751213252544403,
            "min": 0.13751213252544403,
            "max": 0.13769274950027466,
            "count": 4
        },
        "ObstacleCourseAI.Policy.Beta.mean": {
            "value": 0.00038137013325467706,
            "min": 0.00038137013325467706,
            "max": 0.0003831583890132606,
            "count": 4
        }
    },
    "metadata": {
        "timer_format_version": "0.1.0",
        "start_time_seconds": "1648792587",
        "python_version": "3.7.9 (tags/v3.7.9:13c94747c7, Aug 17 2020, 18:58:18) [MSC v.1900 64 bit (AMD64)]",
        "command_line_arguments": "C:\\Users\\Matt\\Documents\\GitHub\\Plane-AI\\Plane AI\\venv\\Scripts\\mlagents-learn config/ObstacleCourseAI.yaml --run-id=PlaneAIV2.2 --time-scale 1 --resume",
        "mlagents_version": "0.20.0",
        "mlagents_envs_version": "0.20.0",
        "communication_protocol_version": "1.1.0",
        "tensorflow_version": "2.7.1",
        "numpy_version": "1.18.5",
        "end_time_seconds": "1648792834"
    },
    "total": 247.03766050000002,
    "count": 1,
    "self": 0.021466300000042793,
    "children": {
        "run_training.setup": {
            "total": 0.05842850000000066,
            "count": 1,
            "self": 0.05842850000000066
        },
        "TrainerController.start_learning": {
            "total": 246.95776569999998,
            "count": 1,
            "self": 0.09013229999999339,
            "children": {
                "TrainerController._reset_env": {
                    "total": 11.969525500000001,
                    "count": 1,
                    "self": 11.969525500000001
                },
                "TrainerController.advance": {
                    "total": 234.6516103,
                    "count": 3152,
                    "self": 0.03946930000040538,
                    "children": {
                        "env_step": {
                            "total": 234.61214099999958,
                            "count": 3152,
                            "self": 233.31676929999853,
                            "children": {
                                "SubprocessEnvManager._take_step": {
                                    "total": 1.256668600000868,
                                    "count": 3152,
                                    "self": 0.06468070000168069,
                                    "children": {
                                        "TFPolicy.evaluate": {
                                            "total": 1.1919878999991873,
                                            "count": 1134,
                                            "self": 1.1919878999991873
                                        }
                                    }
                                },
                                "workers": {
                                    "total": 0.038703100000184065,
                                    "count": 3151,
                                    "self": 0.0,
                                    "children": {
                                        "worker_root": {
                                            "total": 235.6616438999996,
                                            "count": 3151,
                                            "is_parallel": true,
                                            "self": 7.38573880000024,
                                            "children": {
                                                "steps_from_proto": {
                                                    "total": 0.003032999999998509,
                                                    "count": 1,
                                                    "is_parallel": true,
                                                    "self": 0.00013019999999741572,
                                                    "children": {
                                                        "_process_vector_observation": {
                                                            "total": 0.0029028000000010934,
                                                            "count": 2,
                                                            "is_parallel": true,
                                                            "self": 0.0029028000000010934
                                                        }
                                                    }
                                                },
                                                "UnityEnvironment.step": {
                                                    "total": 228.27287209999938,
                                                    "count": 3151,
                                                    "is_parallel": true,
                                                    "self": 0.4782164999990357,
                                                    "children": {
                                                        "UnityEnvironment._generate_step_input": {
                                                            "total": 0.42779420000019464,
                                                            "count": 3151,
                                                            "is_parallel": true,
                                                            "self": 0.42779420000019464
                                                        },
                                                        "communicator.exchange": {
                                                            "total": 225.94339419999952,
                                                            "count": 3151,
                                                            "is_parallel": true,
                                                            "self": 225.94339419999952
                                                        },
                                                        "steps_from_proto": {
                                                            "total": 1.4234672000006192,