{
    "name": "root",
    "gauges": {
        "ObstacleCourseAI.Policy.Entropy.mean": {
            "value": 0.06064048781991005,
            "min": 0.06064048781991005,
            "max": 0.06068406254053116,
            "count": 2
        },
        "ObstacleCourseAI.Environment.EpisodeLength.mean": {
            "value": 53.62434497816594,
            "min": 53.62434497816594,
            "max": 57.11031840401638,
            "count": 2
        },
        "ObstacleCourseAI.Policy.ExtrinsicValueEstimate.mean": {
            "value": 4922.7421875,
            "min": 4922.7421875,
            "max": 5995.22802734375,
            "count": 2
        },
        "ObstacleCourseAI.Environment.CumulativeReward.mean": {
            "value": 10218.223090987336,
            "min": 10218.223090987336,
            "max": 18201.77357799054,
            "count": 2
        },
        "ObstacleCourseAI.Policy.ExtrinsicReward.mean": {
            "value": 10218.223090987336,
            "min": 10218.223090987336,
            "max": 18201.77357799054,
            "count": 2
        },
        "ObstacleCourseAI.Losses.ValueLoss.mean": {
            "value": 19886858.0,
            "min": 19886858.0,
            "max": 76011168.0,
            "count": 2
        },
        "ObstacleCourseAI.Losses.PolicyLoss.mean": {
            "value": 0.040550895035266876,
            "min": 0.039730340242385864,
            "max": 0.040550895035266876,
            "count": 2
        },
        "ObstacleCourseAI.Policy.LearningRate.mean": {
            "value": 0.00029974125209264457,
            "min": 0.00029974125209264457,
            "max": 0.0002997423871420324,
            "count": 2
        },
        "ObstacleCourseAI.Policy.Epsilon.mean": {
            "value": 0.19991375505924225,
            "min": 0.19991375505924225,
            "max": 0.1999140977859497,
            "count": 2
        },
        "ObstacleCourseAI.Policy.Beta.mean": {
            "value": 0.0009991461411118507,
            "min": 0.0009991461411118507,
            "max": 0.0009991498664021492,
            "count": 2
        },
        "ObstacleCourseAI.IsTraining.mean": {
            "value": 1.0,
            "min": 1.0,
            "max": 1.0,
            "count": 2
        }
    },
    "metadata": {
        "timer_format_version": "0.1.0",
        "start_time_seconds": "1649333395",
        "python_version": "3.7.9 (tags/v3.7.9:13c94747c7, Aug 17 2020, 18:58:18) [MSC v.1900 64 bit (AMD64)]",
        "command_line_arguments": "C:\\Users\\Matt\\Documents\\GitHub\\Plane-AI\\Plane AI\\venv\\Scripts\\mlagents-learn config/ObstacleCourseAI.yaml --run-id=PlaneAIV4.1 --time-scale 2 --resume",
        "mlagents_version": "0.20.0",
        "mlagents_envs_version": "0.20.0",
        "communication_protocol_version": "1.1.0",
        "tensorflow_version": "2.7.1",
        "numpy_version": "1.18.5",
        "end_time_seconds": "1649335721"
    },
    "total": 2325.8238942000003,
    "count": 1,
    "self": 0.00482800000008865,
    "children": {
        "run_training.setup": {
            "total": 0.05767610000000012,
            "count": 1,
            "self": 0.05767610000000012
        },
        "TrainerController.start_learning": {
            "total": 2325.7613901,
            "count": 1,
            "self": 1.4794017999979587,
            "children": {
                "TrainerController._reset_env": {
                    "total": 22.5858696,
                    "count": 1,
                    "self": 22.5858696
                },
                "TrainerController.advance": {
                    "total": 2301.3223829000017,
                    "count": 45088,
                    "self": 0.6107004000004963,
                    "children": {
                        "env_step": {
                            "total": 2300.711682500001,
                            "count": 45088,
                            "self": 2244.6142327999783,
                            "children": {
                                "SubprocessEnvManager._take_step": {
                                    "total": 55.511209999990804,
                                    "count": 45088,
                                    "self": 1.5492115999867977,
                                    "children": {
                                        "TFPolicy.evaluate": {
                                            "total": 53.961998400004006,
                                            "count": 18231,
                                            "self": 53.961998400004006
                                        }
                                    }
                                },
                                "workers": {
                                    "total": 0.5862397000320421,
                                    "count": 45087,
                                    "self": 0.0,
                                    "children": {
                                        "worker_root": {
                                            "total": 2304.8179976000097,
                                            "count": 45087,
                                            "is_parallel": true,
                                            "self": 192.71484429997645,
                                            "children": {
                                                "steps_from_proto": {
                                                    "total": 0.006815400000000693,
                                                    "count": 1,
                                                    "is_parallel": true,
                                                    "self": 0.00019850000000332102,
                                                    "children": {
                                                        "_process_vector_observation": {
                                                            "total": 0.006616899999997372,
                                                            "count": 2,
                                                            "is_parallel": true,
                                                            "self": 0.006616899999997372
                                                        }
                                                    }
                                                },
                                                "UnityEnvironment.step": {
                                                    "total": 2112.096337900033,
                                                    "count": 45087,
                                                    "is_parallel": true,
                                                    "self": 8.870386700015843,
                                                    "children": {
                                                        "UnityEnvironment._generate_step_input": {
                                                            "total": 11.831773599997966,
                                                            "count": 45087,
                                                            "is_parallel": true,
                                                            "self": 11.831773599997966
                                                        },
                                                        "communicator.exchange": {
                                                            "total": 2067.9107993000057,
                                                            "count": 45087,
                                                            "is_parallel": true,
                                                            "self": 2067.9107993000057
                                                        },
                                                        "steps_from_proto": {
                                                            "total": 23.483378300013662,
                                                            "count": 45087,