{"cameraMode":{"drawMode":0,"name":"Shaded","section":"Shading Mode"},"sceneLighting":false,"audioPlay":false,"sceneViewState":{"m_AlwaysRefresh":true,"showFog":true,"showSkybox":false,"showFlares":true,"showImageEffects":true,"showParticleSystems":true,"showVisualEffectGraphs":true,"m_FxEnabled":true},"in2DMode":false,"pivot":{"x":707.9696655273438,"y":58.711021423339847,"z":-286.2322998046875},"rotation":{"x":-0.00394390057772398,"y":-0.4853089451789856,"z":0.0027901744470000269,"w":-0.8747973442077637},"size":7.377013683319092,"orthographic":false}