{"cameraMode":{"drawMode":0,"name":"Shaded","section":"Shading Mode"},"sceneLighting":true,"audioPlay":false,"sceneViewState":{"m_AlwaysRefresh":true,"showFog":true,"showSkybox":true,"showFlares":true,"showImageEffects":true,"showParticleSystems":true,"showVisualEffectGraphs":true,"m_FxEnabled":true},"in2DMode":false,"pivot":{"x":700.2146606445313,"y":63.83631134033203,"z":-287.63519287109377},"rotation":{"x":-0.010795938782393933,"y":-0.005310232285410166,"z":0.0030105330515652897,"w":-1.000627040863037},"size":3.6885123252868654,"orthographic":false}