{"cameraMode":{"drawMode":0,"name":"Shaded","section":"Shading Mode"},"sceneLighting":true,"audioPlay":false,"sceneViewState":{"m_AlwaysRefresh":true,"showFog":true,"showSkybox":true,"showFlares":true,"showImageEffects":true,"showParticleSystems":true,"showVisualEffectGraphs":true,"m_FxEnabled":true},"in2DMode":false,"pivot":{"x":653.6926879882813,"y":92.9603271484375,"z":-223.35006713867188},"rotation":{"x":0.20587393641471864,"y":0.011960159055888653,"z":-0.003672368125990033,"w":0.9789199829101563},"size":31.823732376098634,"orthographic":false}