{"cameraMode":{"drawMode":0,"name":"Shaded","section":"Shading Mode"},"sceneLighting":true,"audioPlay":false,"sceneViewState":{"m_AlwaysRefresh":true,"showFog":true,"showSkybox":true,"showFlares":true,"showImageEffects":true,"showParticleSystems":true,"showVisualEffectGraphs":true,"m_FxEnabled":true},"in2DMode":false,"pivot":{"x":-489.63006591796877,"y":555.1937866210938,"z":-300.77874755859377},"rotation":{"x":-0.03766350820660591,"y":0.9641188383102417,"z":0.2003791779279709,"w":0.17357280850410462},"size":35.36948013305664,"orthographic":false}