{"cameraMode":{"drawMode":0,"name":"Shaded","section":"Shading Mode"},"sceneLighting":true,"audioPlay":false,"sceneViewState":{"m_AlwaysRefresh":true,"showFog":true,"showSkybox":true,"showFlares":true,"showImageEffects":true,"showParticleSystems":true,"showVisualEffectGraphs":true,"m_FxEnabled":true},"in2DMode":false,"pivot":{"x":1050.2484130859375,"y":79.10731506347656,"z":214.5573272705078},"rotation":{"x":-0.037334002554416659,"y":0.9409632682800293,"z":-0.11408515274524689,"w":-0.3170853853225708},"size":13.669697761535645,"orthographic":false}