{"cameraMode":{"drawMode":0,"name":"Shaded","section":"Shading Mode"},"sceneLighting":true,"audioPlay":false,"sceneViewState":{"m_AlwaysRefresh":true,"showFog":true,"showSkybox":true,"showFlares":true,"showImageEffects":true,"showParticleSystems":true,"showVisualEffectGraphs":true,"m_FxEnabled":true},"in2DMode":false,"pivot":{"x":669.0169067382813,"y":1754.7449951171875,"z":-1217.1168212890625},"rotation":{"x":-0.4398522973060608,"y":0.05427667126059532,"z":-0.027566738426685334,"w":-0.8962145447731018},"size":42.43819046020508,"orthographic":false}