{"cameraMode":{"drawMode":0,"name":"Shaded","section":"Shading Mode"},"sceneLighting":true,"audioPlay":false,"sceneViewState":{"m_AlwaysRefresh":true,"showFog":true,"showSkybox":true,"showFlares":true,"showImageEffects":true,"showParticleSystems":true,"showVisualEffectGraphs":true,"m_FxEnabled":true},"in2DMode":false,"pivot":{"x":236.10296630859376,"y":0.22035840153694154,"z":99.06489562988281},"rotation":{"x":0.012267445214092732,"y":-0.6835147142410278,"z":0.011491190642118454,"w":0.7297569513320923},"size":0.8660253882408142,"orthographic":false}