{"cameraMode":{"drawMode":0,"name":"Shaded","section":"Shading Mode"},"sceneLighting":true,"audioPlay":false,"sceneViewState":{"m_AlwaysRefresh":true,"showFog":true,"showSkybox":true,"showFlares":true,"showImageEffects":true,"showParticleSystems":true,"showVisualEffectGraphs":true,"m_FxEnabled":true},"in2DMode":false,"pivot":{"x":431.47833251953127,"y":696.9459838867188,"z":1318.3936767578125},"rotation":{"x":0.023672878742218019,"y":0.8212502002716065,"z":-0.5696238875389099,"w":0.038778435438871387},"size":35.36948013305664,"orthographic":false}