{"cameraMode":{"drawMode":0,"name":"Shaded","section":"Shading Mode"},"sceneLighting":true,"audioPlay":false,"sceneViewState":{"m_AlwaysRefresh":true,"showFog":true,"showSkybox":true,"showFlares":true,"showImageEffects":true,"showParticleSystems":true,"showVisualEffectGraphs":true,"m_FxEnabled":true},"in2DMode":false,"pivot":{"x":116.05838012695313,"y":74.69747924804688,"z":-533.1717529296875},"rotation":{"x":0.006077237892895937,"y":-0.9914732575416565,"z":0.12587100267410279,"w":0.043788615614175799},"size":177.06619262695313,"orthographic":false}