{"cameraMode":{"drawMode":0,"name":"Shaded","section":"Shading Mode"},"sceneLighting":true,"audioPlay":false,"sceneViewState":{"m_AlwaysRefresh":true,"showFog":true,"showSkybox":true,"showFlares":true,"showImageEffects":true,"showParticleSystems":true,"showVisualEffectGraphs":true,"m_FxEnabled":true},"in2DMode":false,"pivot":{"x":713.0470581054688,"y":219.81358337402345,"z":1201.6065673828125},"rotation":{"x":0.3058134615421295,"y":-0.10284334421157837,"z":0.031930312514305118,"w":0.9467403888702393},"size":51.961524963378909,"orthographic":false}