{
    "name": "root",
    "gauges": {
        "ObstacleCourseAI.Policy.Entropy.mean": {
            "value": 0.08951956778764725,
            "min": 0.06477602571249008,
            "max": 0.4119388461112976,
            "count": 83
        },
        "ObstacleCourseAI.Environment.EpisodeLength.mean": {
            "value": 76.14837712519319,
            "min": 20.57244234180958,
            "max": 100.4795918367347,
            "count": 83
        },
        "ObstacleCourseAI.Policy.ExtrinsicValueEstimate.mean": {
            "value": 7469.81591796875,
            "min": 1182.633544921875,
            "max": 8443.9755859375,
            "count": 83
        },
        "ObstacleCourseAI.Environment.CumulativeReward.mean": {
            "value": 20916.375400584486,
            "min": 5246.242874431145,
            "max": 29743.848234658213,
            "count": 83
        },
        "ObstacleCourseAI.Policy.ExtrinsicReward.mean": {
            "value": 20916.375400584486,
            "min": 5246.242874431145,
            "max": 29743.848234658213,
            "count": 83
        },
        "ObstacleCourseAI.Losses.ValueLoss.mean": {
            "value": 19811808.0,
            "min": 15264896.0,
            "max": 50757584.0,
            "count": 83
        },
        "ObstacleCourseAI.Losses.PolicyLoss.mean": {
            "value": 0.1009768545627594,
            "min": 0.09766227006912231,
            "max": 0.1031508594751358,
            "count": 83
        },
        "ObstacleCourseAI.Policy.LearningRate.mean": {
            "value": 0.00014627899508923292,
            "min": 0.00014627899508923292,
            "max": 0.0002686826337594539,
            "count": 83
        },
        "ObstacleCourseAI.Policy.Epsilon.mean": {
            "value": 0.1487596333026886,
            "min": 0.1487596333026886,
            "max": 0.1895608901977539,
            "count": 83
        },
        "ObstacleCourseAI.Policy.Beta.mean": {
            "value": 0.0004927205154672265,
            "min": 0.0004927205154672265,
            "max": 0.0008966528694145381,
            "count": 83
        },
        "ObstacleCourseAI.IsTraining.mean": {
            "value": 1.0,
            "min": 1.0,
            "max": 1.0,
            "count": 83
        }
    },
    "metadata": {
        "timer_format_version": "0.1.0",
        "start_time_seconds": "1648815232",
        "python_version": "3.7.9 (tags/v3.7.9:13c94747c7, Aug 17 2020, 18:58:18) [MSC v.1900 64 bit (AMD64)]",
        "command_line_arguments": "C:\\Users\\Matt\\Documents\\GitHub\\Plane-AI\\Plane AI\\venv\\Scripts\\mlagents-learn config/ObstacleCourseAI2.yaml --run-id=PlaneAIV3.1 --time-scale 1 --resume",
        "mlagents_version": "0.20.0",
        "mlagents_envs_version": "0.20.0",
        "communication_protocol_version": "1.1.0",
        "tensorflow_version": "2.7.1",
        "numpy_version": "1.18.5",
        "end_time_seconds": "1648850366"
    },
    "total": 35133.290172,
    "count": 1,
    "self": 0.55304349999642,
    "children": {
        "run_training.setup": {
            "total": 0.014938199999999568,
            "count": 1,
            "self": 0.014938199999999568
        },
        "TrainerController.start_learning": {
            "total": 35132.7221903,
            "count": 1,
            "self": 7.339472400279192,
            "children": {
                "TrainerController._reset_env": {
                    "total": 20.774137500000002,
                    "count": 1,
                    "self": 20.774137500000002
                },
                "TrainerController.advance": {
                    "total": 35104.21827279973,
                    "count": 287688,
                    "self": 3.960386099504831,
                    "children": {
                        "env_step": {
                            "total": 35100.25788670022,
                            "count": 287688,
                            "self": 34559.627614900586,
                            "children": {
                                "SubprocessEnvManager._take_step": {
                                    "total": 536.830810199674,
                                    "count": 287688,
                                    "self": 8.994635899736977,
                                    "children": {
                                        "TFPolicy.evaluate": {
                                            "total": 527.836174299937,
                                            "count": 165229,
                                            "self": 527.836174299937
                                        }
                                    }
                                },
                                "workers": {
                                    "total": 3.7994615999657704,
                                    "count": 287687,
                                    "self": 0.0,
                                    "children": {
                                        "worker_root": {
                                            "total": 35106.34298089873,
                                            "count": 287687,
                                            "is_parallel": true,
                                            "self": 2054.385552697626,
                                            "children": {
                                                "steps_from_proto": {
                                                    "total": 0.003649700000000422,
                                                    "count": 1,
                                                    "is_parallel": true,
                                                    "self": 0.00015090000000128612,
                                                    "children": {
                                                        "_process_vector_observation": {
                                                            "total": 0.003498799999999136,
                                                            "count": 2,
                                                            "is_parallel": true,
                                                            "self": 0.003498799999999136
                                                        }
                                                    }
                                                },
                                                "UnityEnvironment.step": {
                                                    "total": 33051.953778501105,
                                                    "count": 287687,
                                                    "is_parallel": true,
                                                    "self": 56.51580500145792,
                                                    "children": {
                                                        "UnityEnvironment._generate_step_input": {
                                                            "total": 59.77294220059014,
                                                            "count": 287687,
                                                            "is_parallel": true,
                                                            "self": 59.77294220059014
                                                        },
                                                        "communicator.exchange": {
                                                            "total": 32768.94225860002,
                                                            "count": 287687,
                                                            "is_parallel": true,
                                                            "self": 32768.94225860002
                                                        },
                                                        "steps_from_proto": {
                                                            "total": 166.7227726990398,