{
    "name": "root",
    "gauges": {
        "ObstacleCourseAI.Policy.Entropy.mean": {
            "value": -1.1961312294006348,
            "min": -1.1961312294006348,
            "max": -1.0666730403900146,
            "count": 65
        },
        "ObstacleCourseAI.Environment.EpisodeLength.mean": {
            "value": 264.99813829787234,
            "min": 264.99813829787234,
            "max": 486.0,
            "count": 65
        },
        "ObstacleCourseAI.IsTraining.mean": {
            "value": 1.0,
            "min": 1.0,
            "max": 1.0,
            "count": 65
        },
        "ObstacleCourseAI.Policy.ExtrinsicValueEstimate.mean": {
            "value": 6804.6796875,
            "min": 6277.67822265625,
            "max": 14651.65234375,
            "count": 64
        },
        "ObstacleCourseAI.Environment.CumulativeReward.mean": {
            "value": 31275.58341195482,
            "min": 30606.884583062052,
            "max": 91404.19331233129,
            "count": 64
        },
        "ObstacleCourseAI.Policy.ExtrinsicReward.mean": {
            "value": 31275.58341195482,
            "min": 30606.884583062052,
            "max": 91404.19331233129,
            "count": 64
        },
        "ObstacleCourseAI.Losses.ValueLoss.mean": {
            "value": 5499160.0,
            "min": 3950805.0,
            "max": 5547418.5,
            "count": 64
        },
        "ObstacleCourseAI.Losses.PolicyLoss.mean": {
            "value": 0.036111291497945786,
            "min": 0.03452621400356293,
            "max": 0.03877381607890129,
            "count": 64
        },
        "ObstacleCourseAI.Policy.LearningRate.mean": {
            "value": 2.848950680345297e-05,
            "min": 2.848950680345297e-05,
            "max": 2.8678468879661523e-05,
            "count": 64
        },
        "ObstacleCourseAI.Policy.Epsilon.mean": {
            "value": 0.19496500492095947,
            "min": 0.19496500492095947,
            "max": 0.1955948770046234,
            "count": 64
        },
        "ObstacleCourseAI.Policy.Beta.mean": {
            "value": 0.0009501537424512208,
            "min": 0.0009501537424512208,
            "max": 0.000956389238126576,
            "count": 64
        }
    },
    "metadata": {
        "timer_format_version": "0.1.0",
        "start_time_seconds": "1651314301",
        "python_version": "3.7.9 (tags/v3.7.9:13c94747c7, Aug 17 2020, 18:58:18) [MSC v.1900 64 bit (AMD64)]",
        "command_line_arguments": "C:\\Users\\Matt\\Documents\\GitHub\\Plane-AI\\Plane AI\\venv\\Scripts\\mlagents-learn config/ObstacleCourseAI3.yaml --run-id=PlaneAIHybridV1.4 --time-scale 2 --resume",
        "mlagents_version": "0.20.0",
        "mlagents_envs_version": "0.20.0",
        "communication_protocol_version": "1.1.0",
        "tensorflow_version": "2.7.1",
        "numpy_version": "1.18.5",
        "end_time_seconds": "1651356064"
    },
    "total": 41763.687339200005,
    "count": 1,
    "self": 0.4695904000036535,
    "children": {
        "run_training.setup": {
            "total": 0.03880320000000026,
            "count": 1,
            "self": 0.03880320000000026
        },
        "TrainerController.start_learning": {
            "total": 41763.178945600004,
            "count": 1,
            "self": 57.979095200840675,
            "children": {
                "TrainerController._reset_env": {
                    "total": 14.5777176,
                    "count": 1,
                    "self": 14.5777176
                },
                "TrainerController.advance": {
                    "total": 41690.32916169916,
                    "count": 1747506,
                    "self": 23.758218897324696,
                    "children": {
                        "env_step": {
                            "total": 41666.57094280184,
                            "count": 1747506,
                            "self": 38185.95434721136,
                            "children": {
                                "SubprocessEnvManager._take_step": {
                                    "total": 3458.2407890955774,
                                    "count": 1747506,
                                    "self": 68.84664929702467,
                                    "children": {
                                        "TFPolicy.evaluate": {
                                            "total": 3389.3941397985527,
                                            "count": 1615325,
                                            "self": 3389.3941397985527
                                        }
                                    }
                                },
                                "workers": {
                                    "total": 22.375806494901447,
                                    "count": 1747505,
                                    "self": 0.0,
                                    "children": {
                                        "worker_root": {
                                            "total": 41711.69495480091,
                                            "count": 1747505,
                                            "is_parallel": true,
                                            "self": 8738.808904202102,
                                            "children": {
                                                "steps_from_proto": {
                                                    "total": 0.0021609999999991913,
                                                    "count": 1,
                                                    "is_parallel": true,
                                                    "self": 0.0001241999999983534,
                                                    "children": {
                                                        "_process_vector_observation": {
                                                            "total": 0.002036800000000838,
                                                            "count": 2,
                                                            "is_parallel": true,
                                                            "self": 0.002036800000000838
                                                        }
                                                    }
                                                },
                                                "UnityEnvironment.step": {
                                                    "total": 32972.88388959881,
                                                    "count": 1747505,
                                                    "is_parallel": true,
                                                    "self": 331.3678156004826,
                                                    "children": {
                                                        "UnityEnvironment._generate_step_input": {
                                                            "total": 471.77996590071166,
                                                            "count": 1747505,
                                                            "is_parallel": true,
                                                            "self": 471.77996590071166
                                                        },
                                                        "communicator.exchange": {
                                                            "total": 31302.61037799928,
                                                            "count": 1747505,
                                                            "is_parallel": true,
                                                            "self": 31302.61037799928
                                                        },
                                                        "steps_from_proto": {
                                                            "total": 867.1257300983361,